H [kA/m],J [mT],B [mT],t [s]
1.41,165.66,167.44,0.0353888
1.41,165.66,167.43,0.055544
1.32,165.63,167.29,0.0754339
1.4,165.67,167.43,0.0955585
1.4,165.67,167.43,0.1154025
1.48,167.29,169.16,0.1354735
1.48,170.08,171.93,0.1554854
1.56,172.89,174.85,0.1654729
1.56,175.28,177.24,0.185529
1.64,176.9,178.96,0.2055764
1.64,178.89,180.95,0.2256463
1.63,180.08,182.14,0.2455668
1.63,181.28,183.33,0.2655555
1.71,182.9,185.05,0.2855828
1.79,187.71,189.96,0.3055854
1.95,193.34,195.8,0.3255803
2.03,201.33,203.88,0.3456697
2.19,211.73,214.48,0.3656313
2.35,223.32,226.28,0.3856132
2.52,234.91,238.08,0.4056842
2.68,247.7,251.06,0.4256654
2.92,263.3,266.97,0.4456127
3.08,280.06,283.93,0.4656972
3.33,296.85,301.03,0.485739
3.49,313.61,317.99,0.5057409
3.65,331.95,336.53,0.5256461
3.89,353.51,358.4,0.545671
4.13,375.47,380.66,0.5657183
4.38,397.82,403.32,0.5856777
4.62,420.97,426.77,0.6057652
4.78,447.25,453.26,0.6257994
5.11,474.41,480.83,0.6457731
5.35,501.53,508.25,0.6658531
5.67,527.89,535.02,0.6858403
5.92,555.81,563.24,0.7063854
6.24,585.74,593.59,0.7258965
6.57,616.08,624.33,0.7459629
6.97,646.05,654.81,0.7658358
7.3,676.78,685.95,0.7858618
7.7,710.33,720.01,0.8058664
8.11,745.47,755.66,0.8258644
8.52,779.41,790.12,0.8458188
9.01,813.4,824.71,0.8659035
9.41,847.74,859.57,0.8861433
9.98,884.15,896.69,0.9059232
10.55,920.55,933.81,0.9259654
11.12,955.37,969.34,0.9459398
11.69,990.98,1005.67,0.9659543
12.34,1028.61,1044.12,0.9859415
13.08,1065.88,1082.31,1.0061279
13.81,1101.96,1119.32,1.02598
14.62,1137.69,1156.07,1.0459435
15.52,1174.64,1194.14,1.0660547
16.5,1211.63,1232.36,1.086099
17.48,1247.03,1268.99,1.1062064
18.46,1280.84,1304.04,1.1261194
19.6,1313.94,1338.57,1.1461085
20.74,1347.83,1373.89,1.1661265
22.04,1380.2,1407.9,1.1862237
23.27,1410.55,1439.79,1.2061832
24.65,1439.39,1470.38,1.2260857
26.2,1468.31,1501.24,1.2490319
27.84,1495.27,1530.25,1.2661828
29.55,1520.29,1557.43,1.2862126
31.35,1542.57,1581.96,1.306233
33.14,1563.65,1605.3,1.3261424
35.18,1583.66,1627.87,1.3462172
37.3,1601.72,1648.6,1.3662881
39.43,1617.79,1667.34,1.3862188
41.63,1632.71,1685.03,1.4063423
44,1646.12,1701.41,1.4263099
46.53,1658.41,1716.88,1.4463203
49.06,1668.72,1730.36,1.4663395
51.59,1677.83,1742.66,1.4862955
54.2,1686.19,1754.3,1.5063631
56.81,1694.15,1765.54,1.5264924
59.59,1700.99,1775.87,1.546394
62.36,1706.64,1785.01,1.5663104
65.06,1711.86,1793.61,1.586343
67.91,1716.76,1802.1,1.6065121
70.85,1721.29,1810.33,1.6264824
73.71,1724.6,1817.23,1.6464255
76.65,1728.34,1824.67,1.6664349
79.51,1731.65,1831.56,1.6863929
82.28,1734.52,1837.92,1.7065048
85.3,1737.11,1844.31,1.7265214
88.32,1739.3,1850.3,1.7465859
91.26,1741.86,1856.54,1.7664666
94.28,1744.05,1862.53,1.7865232
97.39,1745.88,1868.26,1.8065817
100.49,1748.11,1874.39,1.8265863
103.43,1749.47,1879.44,1.846599
106.45,1751.26,1885.03,1.8675675
109.47,1752.26,1889.83,1.8864872
112.57,1754.1,1895.56,1.9066887
115.59,1755.49,1900.75,1.9266244
118.61,1756.49,1905.55,1.9467223
121.72,1757.53,1910.48,1.96661
124.9,1759,1915.96,1.9867306
128,1760.04,1920.9,2.0066446
131.11,1760.68,1925.44,2.0267273
134.29,1761.76,1930.51,2.0467981
137.56,1762.48,1935.33,2.0666809
140.74,1763.15,1940.01,2.0866473
143.92,1763.83,1944.69,2.1073095
147.03,1764.87,1949.63,2.1267236
150.21,1765.95,1954.71,2.1467372
153.56,1766.3,1959.27,2.166803
156.74,1766.59,1963.55,2.1868589
160.01,1767.3,1968.37,2.2069224
163.19,1767.98,1973.05,2.2267913
166.54,1768.34,1977.62,2.2468951
169.89,1769.09,1982.58,2.2668698
173.07,1769.37,1986.86,2.2868477
176.34,1769.69,1991.28,2.3069969
179.6,1770.01,1995.71,2.3268624
182.95,1770.77,2000.67,2.3469715
186.22,1771.09,2005.09,2.3669165
189.48,1771.8,2009.91,2.3868467
192.67,1772.08,2014.19,2.4069863
196.09,1772.88,2019.3,2.4269189
199.44,1772.84,2023.46,2.44697
202.71,1772.76,2027.49,2.4670175
205.97,1773.08,2031.91,2.4869436
209.4,1773.47,2036.62,2.5070939
212.91,1773.9,2041.46,2.526969
216.26,1774.26,2046.02,2.546972
219.53,1774.58,2050.45,2.5671377
222.87,1774.94,2055.01,2.5871088
226.3,1775.33,2059.71,2.60721
229.65,1775.29,2063.88,2.6271177
233,1775.65,2068.44,2.6471388
236.43,1776.04,2073.15,2.6671699
239.86,1776.04,2077.46,2.6871027
243.37,1776.08,2081.9,2.7072517
246.88,1776.51,2086.75,2.727222
250.31,1776.51,2091.05,2.747196
253.74,1776.51,2095.36,2.7672495
257.17,1776.9,2100.07,2.7873072
260.68,1777.33,2104.91,2.8072132
264.19,1777.37,2109.36,2.827183
267.62,1777.37,2113.66,2.8472379
271.21,1777.44,2118.25,2.8672832
274.72,1777.87,2123.1,2.8873434
278.23,1777.91,2127.54,2.9073639
281.66,1777.9,2131.85,2.9273082
285.09,1777.9,2136.16,2.9472584
288.68,1777.97,2140.75,2.9672903
292.36,1778.48,2145.87,2.9873514
295.87,1778.52,2150.32,3.0074327
299.38,1778.55,2154.77,3.0273544
302.97,1778.63,2159.35,3.0474496
306.56,1778.3,2163.54,3.0673476
310.08,1778.34,2167.99,3.0873748
313.5,1778.73,2172.69,3.1074992
316.85,1778.69,2176.86,3.1274573
320.28,1778.69,2181.17,3.1475219
323.63,1778.25,2184.94,3.1674913
326.98,1778.61,2189.5,3.1874782
330.32,1778.57,2193.67,3.2075583
333.59,1778.49,2197.69,3.2274644
336.86,1778.41,2201.72,3.2474511
340.04,1778.3,2205.61,3.2675694
343.14,1778.54,2209.75,3.2875921
346.33,1778.43,2213.63,3.3075891
349.43,1778.67,2217.78,3.3276026
352.61,1778.56,2221.66,3.3476578
355.63,1778.36,2225.27,3.3676262
358.57,1778.14,2228.73,3.3875909
361.35,1777.83,2231.92,3.4077069
364.12,1777.53,2235.1,3.4276541
366.82,1777.58,2238.54,3.4477317
369.27,1777.92,2241.96,3.4677221
371.55,1778.18,2245.09,3.4877676
373.76,1777.62,2247.29,3.5078884
375.96,1777.84,2250.29,3.5277342
377.92,1777.56,2252.46,3.5478271
379.88,1777.67,2255.04,3.5677071
381.51,1777.63,2257.05,3.58765
382.98,1777.52,2258.78,3.6078833
384.53,1777.44,2260.65,3.6277776
385.91,1777.29,2262.24,3.6477789
387.14,1777.06,2263.55,3.6678772
388.2,1777.16,2264.98,3.6880066
389.26,1777.25,2266.41,3.7079051
390.32,1777.35,2267.83,3.7278522
391.21,1777.36,2268.98,3.7479167
391.87,1776.87,2269.31,3.7679382
392.52,1776.78,2270.03,3.7878732
393.09,1776.65,2270.62,3.8079768
393.58,1776.87,2271.46,3.8278432
393.9,1776.63,2271.62,3.8479839
394.14,1776.74,2272.04,3.8679647
394.39,1776.86,2272.46,3.8879266
394.63,1776.97,2272.88,3.9080157
394.71,1777.01,2273.02,3.9279382
394.54,1776.94,2272.74,3.9479167
394.3,1777.22,2272.71,3.9680355
394.13,1776.75,2272.03,3.9880458
393.97,1776.67,2271.75,4.0080964
393.56,1777.28,2271.84,4.0280412
393.15,1777.09,2271.13,4.0480874
392.65,1777.27,2270.69,4.068068
392.16,1777.44,2270.24,4.0880691
391.59,1777.57,2269.65,4.1082113
390.93,1777.27,2268.53,4.1281528
390.19,1777.33,2267.66,4.1481853
389.54,1777.42,2266.93,4.1681254
388.88,1777.92,2266.6,4.188135
388.06,1777.54,2265.2,4.2082174
387.16,1777.52,2264.05,4.2281855
386.26,1777.9,2263.3,4.2482178
385.36,1777.89,2262.15,4.2681611
384.3,1777.79,2260.72,4.2882053
383.23,1777.7,2259.29,4.3083577
382.17,1778.01,2258.25,4.3282167
381.02,1778.27,2257.08,4.3482245
380.04,1778.22,2255.79,4.3683443
378.9,1778.49,2254.62,4.3882966
377.67,1778.71,2253.31,4.4085766
376.44,1778.55,2251.6,4.4284221
375.21,1778.78,2250.28,4.4483173
373.99,1779,2248.97,4.4684173
372.59,1778.76,2246.98,4.4883918
371.2,1778.91,2245.38,4.5084798
369.81,1779.07,2243.79,4.5284706
368.42,1779.22,2242.19,4.5484065
367.11,1779.41,2240.74,4.5719519
365.56,1779.09,2238.47,4.5885871
364.09,1779.21,2236.73,4.6084929
362.61,1779.33,2235,4.6284399
360.98,1779.37,2232.98,4.6485016
359.34,1779.41,2230.97,4.6684681
357.79,1779.09,2228.7,4.6884838
356.23,1779.17,2226.82,4.7086116
354.76,1779.68,2225.48,4.7286055
353.12,1779.72,2223.47,4.7486005
351.33,1779.68,2221.17,4.7686149
349.69,1779.33,2218.76,4.7885996
348.05,1779.76,2217.14,4.8086798
346.42,1779.8,2215.13,4.8285794
344.62,1779.77,2212.83,4.8485682
342.9,1779.77,2210.67,4.8686148
341.18,1779.77,2208.52,4.8887635
339.55,1780.21,2206.9,4.9088292
337.75,1780.18,2204.6,4.9286575
335.95,1780.14,2202.31,4.948747
334.15,1780.11,2200.01,4.9687543
332.35,1780.07,2197.71,4.9886905
330.55,1780.04,2195.42,5.0089144
328.59,1779.93,2192.84,5.0287045
326.79,1779.89,2190.55,5.0487263
325.07,1779.89,2188.39,5.0687478
323.27,1779.86,2186.09,5.0887417
321.31,1780.15,2183.91,5.1088222
319.35,1780.03,2181.34,5.1288897
317.46,1779.96,2178.9,5.1487506
315.58,1779.89,2176.46,5.1688269
313.62,1780.18,2174.28,5.1888876
311.49,1780.78,2172.22,5.2088284
309.37,1780.6,2169.36,5.2288963
307.32,1780.05,2166.25,5.2489013
305.2,1780.26,2163.79,5.2688931
303.15,1780.11,2161.07,5.2888849
300.95,1779.89,2158.07,5.3090113
298.9,1779.74,2155.35,5.3289069
296.86,1779.59,2152.64,5.3489133
294.73,1779.41,2149.78,5.3689829
292.44,1779.54,2147.04,5.3890441
290.32,1779.75,2144.58,5.4089981
288.19,1779.97,2142.11,5.428983
286.06,1780.18,2139.65,5.449
283.77,1779.91,2136.52,5.4691019
281.4,1779.62,2133.24,5.48899
279.19,1779.39,2130.24,5.5091013
276.99,1778.77,2126.84,5.5291009
274.78,1779.34,2124.64,5.5490589
272.57,1779.51,2122.04,5.5690722
270.28,1779.25,2118.9,5.5892992
267.99,1778.99,2115.76,5.6092301
265.7,1779.13,2113.02,5.6291153
263.41,1778.87,2109.88,5.6491022
261.04,1778.96,2107,5.669092
258.75,1778.7,2103.86,5.689206
256.46,1778.84,2101.12,5.7093269
254.17,1778.58,2097.98,5.7292211
251.64,1778.6,2094.82,5.7491922
249.27,1778.3,2091.54,5.7692316
246.98,1778.04,2088.4,5.7892868
244.61,1778.13,2085.52,5.8093698
241.99,1777.72,2081.82,5.8292951
239.46,1777.74,2078.65,5.8492137
237,1777.8,2075.63,5.8692561
234.55,1777.47,2072.21,5.8892741
232.02,1777.09,2068.65,5.9094365
229.4,1777.08,2065.35,5.9293445
226.86,1777.1,2062.19,5.9493738
224.33,1777.12,2059.02,5.9693981
221.8,1777.14,2055.86,5.989434
219.1,1776.69,2052.02,6.0095174
216.48,1776.28,2048.32,6.0294589
213.95,1775.91,2044.76,6.0493888
211.41,1775.53,2041.2,6.0694576
208.8,1775.12,2037.5,6.0894345
206.1,1775.46,2034.45,6.1095078
203.48,1775.05,2030.75,6.1294569
200.86,1774.64,2027.05,6.1494865
198.25,1774.62,2023.75,6.1694366
195.47,1774.13,2019.77,6.1895134
192.69,1774.04,2016.18,6.2095168
190.07,1773.63,2012.48,6.229566
187.46,1772.82,2008.39,6.2496514
184.76,1772.77,2004.94,6.2695678
181.98,1772.68,2001.36,6.2895778
179.28,1772.23,1997.52,6.3098373
176.5,1771.74,1993.54,6.3297879
173.8,1771.29,1989.7,6.3496552
170.94,1771.16,1985.97,6.3696041
168.08,1770.63,1981.85,6.3896491
165.3,1770.15,1977.87,6.4096937
162.6,1769.7,1974.03,6.4296333
159.9,1769.25,1970.19,6.4496876
157.21,1768.8,1966.35,6.4696454
154.67,1768.42,1962.79,6.4897715
152.06,1767.21,1958.29,6.5097719
149.52,1766.84,1954.73,6.529721
147.07,1766.5,1951.31,6.5499461
144.78,1765.84,1947.78,6.5697249
142.57,1765.62,1944.78,6.5897569
140.44,1764.64,1941.13,6.609924
138.32,1764.45,1938.27,6.6298361
136.19,1763.47,1934.62,6.6499145
134.07,1762.89,1931.36,6.6699019
132.1,1762.38,1928.39,6.6898985
130.14,1761.87,1925.41,6.7098741
128.01,1761.69,1922.56,6.7298811
125.97,1760.74,1919.04,6.7498821
124.01,1760.24,1916.07,6.7699383
122.13,1759.37,1912.84,6.78999
120.08,1758.43,1909.33,6.8100696
118.2,1757.96,1906.49,6.8299799
116.24,1757.05,1903.12,6.8501069
114.28,1756.15,1899.75,6.8708885
112.31,1755.64,1896.78,6.8925802
110.35,1754.73,1893.41,6.9101026
108.47,1753.87,1890.17,6.9300284
106.59,1753,1886.94,6.950052
104.71,1752.13,1883.71,6.9700398
102.83,1750.87,1880.08,6.9902103
100.86,1749.96,1876.71,7.0102121
98.9,1748.66,1872.94,7.030126
97.1,1747.44,1869.46,7.0500817
95.3,1746.61,1866.37,7.0700902
93.34,1745.3,1862.6,7.0901544
91.46,1743.64,1858.57,7.1101981
89.58,1742.38,1854.94,7.1302135
87.78,1741.15,1851.46,7.15019
85.9,1739.09,1847.03,7.1701333
84.1,1737.87,1843.55,7.1901775
82.22,1736.21,1839.52,7.2103833
80.5,1734.62,1835.78,7.2301899
78.7,1732.6,1831.5,7.2503323
76.9,1730.98,1827.61,7.270184
75.1,1728.56,1822.93,7.2902496
73.38,1726.18,1818.39,7.3103305
71.67,1723.8,1813.85,7.3302916
69.87,1720.98,1808.78,7.3503519
68.07,1718.17,1803.7,7.3703672
66.35,1715.39,1798.77,7.3902483
64.63,1712.61,1793.83,7.4104729
62.91,1709.44,1788.5,7.430365
61.11,1705.83,1782.63,7.4503549
59.4,1702.26,1776.9,7.4704642
57.76,1697.93,1770.51,7.4904468
56.04,1693.96,1764.39,7.510474
54.41,1689.24,1757.61,7.5305424
52.61,1684.43,1750.54,7.5504947
51.05,1678.95,1743.11,7.5704872
49.42,1673.04,1735.14,7.5904343
47.78,1667.12,1727.16,7.6106422
46.23,1660.45,1718.54,7.630552
44.67,1653.38,1709.51,7.6506091
43.12,1645.91,1700.09,7.6705657
41.65,1637.68,1690.02,7.6906661
40.17,1628.67,1679.15,7.710672
38.62,1619.21,1667.74,7.730734
37.23,1609.44,1656.22,7.7506035
35.84,1598.47,1643.51,7.770671
34.45,1587.11,1630.4,7.7907665
32.97,1574.52,1615.95,7.810706
31.58,1561.17,1600.86,7.8307044
30.27,1547.46,1585.5,7.8506709
28.97,1532.56,1568.96,7.8706975
27.66,1516.07,1550.83,7.8907009
26.43,1498.43,1531.64,7.9107335
25.12,1480.35,1511.92,7.9307399
23.97,1461.16,1491.29,7.9507083
22.75,1439.95,1468.53,7.9707618
21.52,1417.93,1444.98,7.990731
20.29,1395.53,1421.03,8.0108885
19.23,1372.8,1396.96,8.0308204
18.16,1348.48,1371.31,8.0508101
17.1,1322.97,1344.46,8.070831
16.12,1296.71,1316.96,8.090856
15.13,1269.65,1288.67,8.1108771
14.23,1241.83,1259.72,8.1308337
13.25,1211.99,1228.64,8.1508137
12.35,1181,1196.52,8.1709628
11.45,1149.61,1164,8.1908888
10.63,1117.86,1131.22,8.2110051
9.81,1084.52,1096.85,8.230984
8.99,1049.59,1060.89,8.2509372
8.26,1013.91,1024.28,8.2709135
7.52,977.43,986.88,8.2909824
6.78,940.16,948.68,8.3111392
6.04,900.5,908.1,8.3309691
5.39,860.09,866.86,8.3510308
4.73,818.89,824.83,8.3711147
4.08,777.28,782.41,8.3911242
3.42,733.3,737.6,8.4111012
2.85,687.76,691.34,8.4311177
2.27,641.83,644.69,8.4511011
1.7,595.5,597.63,8.471091
1.13,548.77,550.19,8.4911098
0.55,499.26,499.96,8.5112035
0.06,448.6,448.68,8.5311869
-0.43,397.54,397,8.5511132
-0.92,345.69,344.53,8.5711865
-1.34,292.29,290.61,8.5911247
-1.75,238.09,235.9,8.6112875
-2.16,183.1,180.39,8.6314544
-2.57,128.11,124.88,8.6511833
-2.98,72.32,68.58,8.6712407
-3.39,14.95,10.69,8.6912116
-3.72,-43.58,-48.25,8.7113294
-3.96,-102.47,-107.45,8.7313925
-4.37,-160.64,-166.14,8.7513519
-4.78,-220,-226.01,8.7713246
-5.2,-280.95,-287.48,8.7912475
-5.61,-341.5,-348.54,8.8113866
-6.1,-401.3,-408.96,8.8314219
-6.51,-461.45,-469.63,8.8514039
-7,-522.44,-531.23,8.8714081
-7.57,-583.46,-592.98,8.891437
-8.07,-643.26,-653.39,8.9113925
-8.72,-702.33,-713.29,8.9315731
-9.46,-762.64,-774.53,8.9514131
-10.12,-822.11,-834.82,8.9714972
-10.85,-880.43,-894.07,8.9915714
-11.67,-936.8,-951.47,9.0115313
-12.49,-991.59,-1007.28,9.0314901
-13.47,-1046.45,-1063.38,9.0514364
-14.46,-1099.32,-1117.48,9.0715156
-15.52,-1149.85,-1169.35,9.0915693
-16.66,-1198.43,-1219.37,9.1115398
-17.89,-1245.85,-1268.34,9.1316177
-19.28,-1291.77,-1316,9.1515234
-20.76,-1335.73,-1361.82,9.1715722
-22.39,-1376.2,-1404.34,9.1915786
-24.03,-1414.29,-1444.48,9.2116651
-25.83,-1450.06,-1482.52,9.2317002
-27.79,-1482.74,-1517.66,9.2515993
-29.92,-1512.31,-1549.9,9.2717185
-32.04,-1539.11,-1579.37,9.291649
-34.33,-1563.19,-1606.34,9.3117269
-36.78,-1584.98,-1631.2,9.3317147
-39.16,-1603.94,-1653.15,9.3517851
-41.69,-1619.8,-1672.19,9.3716994
-44.39,-1634.55,-1690.33,9.3917175
-47.09,-1647.31,-1706.48,9.4117222
-49.78,-1658.49,-1721.05,9.4318175
-52.56,-1667.71,-1733.76,9.4517624
-55.34,-1676.14,-1745.69,9.4717898
-58.12,-1683.78,-1756.82,9.491888
-60.9,-1690.22,-1766.76,9.5118512
-63.76,-1695.91,-1776.04,9.5317432
-66.46,-1700.73,-1784.25,9.5518615
-69.24,-1705.19,-1792.2,9.5718228
-72.02,-1709.25,-1799.76,9.5918057
-74.8,-1712.92,-1806.92,9.6118857
-77.58,-1716.18,-1813.68,9.6318453
-80.28,-1719.02,-1819.9,9.6518509
-83.06,-1721.49,-1825.87,9.6719369
-85.76,-1723.93,-1831.69,9.6918087
-88.54,-1726,-1837.26,9.7120124
-91.23,-1728.04,-1842.69,9.7319381
-93.85,-1730.04,-1847.98,9.7520029
-96.47,-1732.04,-1853.27,9.7720561
-99.17,-1733.69,-1858.3,9.7919195
-101.78,-1734.89,-1862.8,9.8120802
-104.4,-1736.1,-1867.29,9.8319795
-107.01,-1737.31,-1871.78,9.8520309
-109.63,-1738.91,-1876.68,9.8720807
-112.25,-1740.12,-1881.17,9.8920997
-114.78,-1740.89,-1885.13,9.9120934
-117.23,-1742.02,-1889.34,9.9321046
-119.77,-1743.19,-1893.7,9.9521084
-122.22,-1743.92,-1897.51,9.9720977
-124.59,-1745.02,-1901.59,9.9920726
-126.96,-1745.71,-1905.26,10.012181
-129.42,-1746.45,-1909.08,10.0322366
-131.79,-1747.54,-1913.15,10.0522554
-134.24,-1747.88,-1916.57,10.0721057
-136.61,-1748.18,-1919.85,10.0922467
-138.9,-1748.84,-1923.39,10.1122803
-141.35,-1749.57,-1927.2,10.132181
-143.73,-1750.27,-1930.88,10.1522664
-146.02,-1750.93,-1934.42,10.1722318
-148.31,-1751.59,-1937.95,10.1922565
-150.68,-1751.88,-1941.23,10.2123003
-152.97,-1752.15,-1944.37,10.2322389
-155.26,-1752.41,-1947.51,10.252307
-157.54,-1753.07,-1951.04,10.272404
-159.83,-1753.73,-1954.58,10.2923885
-162.21,-1754.02,-1957.86,10.3123824
-164.41,-1754.25,-1960.86,10.3323675
-166.62,-1754.47,-1963.85,10.3523372
-168.83,-1754.7,-1966.85,10.3723331
-171.12,-1755.36,-1970.39,10.3923491
-173.33,-1755.58,-1973.39,10.4124112
-175.53,-1755.8,-1976.39,10.4323862
-177.74,-1756.42,-1979.78,10.4525215
-179.95,-1757.04,-1983.18,10.4724783
-182.16,-1757.27,-1986.17,10.4924237
-184.37,-1757.1,-1988.78,10.5125353
-186.57,-1757.32,-1991.77,10.532692
-188.7,-1757.51,-1994.63,10.5525566
-190.91,-1758.13,-1998.03,10.5725337
-193.03,-1758.31,-2000.89,10.5926052
-195.16,-1758.5,-2003.74,10.6125563
-197.29,-1758.68,-2006.6,10.6325088
-199.41,-1758.87,-2009.46,10.6525894
-201.62,-1759.09,-2012.46,10.6725137
-203.75,-1759.28,-2015.31,10.6925535
-205.87,-1759.47,-2018.17,10.7127212
-207.92,-1759.61,-2020.89,10.7327235
-210.04,-1759.8,-2023.75,10.7526751
-212.09,-1760.35,-2026.86,10.7726173
-214.21,-1760.53,-2029.72,10.7925915
-216.34,-1760.32,-2032.18,10.8127826
-218.38,-1760.47,-2034.9,10.8327041
-220.59,-1760.69,-2037.9,10.8527428
-222.64,-1761.24,-2041.01,10.8727433
-224.68,-1761.39,-2043.73,10.8927022
-226.72,-1761.14,-2046.05,10.9128044
-228.69,-1761.25,-2048.63,10.9327018
-230.73,-1761.79,-2051.74,10.9528059
-232.69,-1761.91,-2054.32,10.9728494
-234.66,-1762.02,-2056.9,10.9928382
-236.62,-1762.13,-2059.47,11.012853
-238.75,-1762.31,-2062.33,11.0328597
-240.79,-1762.06,-2064.65,11.052913
-242.67,-1762.14,-2067.09,11.0729615
-244.63,-1762.25,-2069.66,11.0929529
-246.6,-1762.36,-2072.24,11.1129737
-248.56,-1762.47,-2074.82,11.1328286
-250.6,-1763.01,-2077.93,11.1528216
-252.49,-1763.09,-2080.37,11.1729736
-254.45,-1763.2,-2082.95,11.1931595
-256.49,-1763.35,-2085.66,11.2130197
-258.54,-1763.49,-2088.38,11.2330872
-260.42,-1763.57,-2090.82,11.2528409
-262.3,-1763.24,-2092.86,11.2730324
-264.26,-1762.96,-2095.04,11.29298
-266.31,-1763.5,-2098.15,11.3131523
-268.19,-1763.57,-2100.59,11.3330339
-270.15,-1763.69,-2103.17,11.3529664
-272.03,-1763.76,-2105.6,11.3730221
-273.99,-1763.87,-2108.18,11.3930732
-275.87,-1763.94,-2110.62,11.4130896
-277.76,-1763.62,-2112.66,11.4330564
-279.64,-1763.69,-2115.09,11.4531166
-281.6,-1764.2,-2118.07,11.4732179
-283.56,-1764.31,-2120.64,11.4932035
-285.44,-1764.38,-2123.08,11.5134459
-287.32,-1764.06,-2125.12,11.5334032
-289.21,-1764.53,-2127.95,11.5532134
-291.09,-1764.6,-2130.39,11.5732054
-292.97,-1764.67,-2132.83,11.5933916
-294.85,-1764.35,-2134.87,11.6132241
-296.81,-1764.46,-2137.44,11.6331883
-298.77,-1764.57,-2140.02,11.6532186
-300.74,-1764.68,-2142.6,11.6732546
-302.7,-1764.79,-2145.17,11.6933074
-304.66,-1764.9,-2147.75,11.7133916
-306.54,-1764.58,-2149.79,11.733223
-308.59,-1764.73,-2152.51,11.7533823
-310.55,-1764.84,-2155.09,11.773299
-312.43,-1764.51,-2157.13,11.7933274
-314.39,-1764.62,-2159.7,11.8134884
-316.36,-1764.34,-2161.88,11.8335039
-318.16,-1764.37,-2164.18,11.8533101
-320.12,-1764.48,-2166.76,11.8745829
-321.92,-1764.91,-2169.45,11.8934381
-323.8,-1764.99,-2171.89,11.9134517
-325.76,-1764.7,-2174.07,11.9334496
-327.64,-1764.77,-2176.5,11.9534921
-329.52,-1764.85,-2178.94,11.973391
-331.4,-1764.92,-2181.38,11.993445
-333.37,-1764.63,-2183.56,12.013491
-335.33,-1764.35,-2185.74,12.0334326
-337.13,-1764.38,-2188.03,12.0534786
-338.93,-1764.42,-2190.33,12.0734785
-340.89,-1764.92,-2193.3,12.0936224
-342.77,-1764.6,-2195.34,12.1135447
-344.74,-1764.31,-2197.52,12.1335762
-346.62,-1764.39,-2199.96,12.153578
-348.5,-1764.46,-2202.39,12.1736491
-350.38,-1764.14,-2204.43,12.1937261
-352.26,-1764.21,-2206.87,12.2137084
-354.14,-1764.28,-2209.31,12.2337529
-356.02,-1764.35,-2211.74,12.2537411
-357.82,-1764.39,-2214.04,12.2736899
-359.7,-1764.06,-2216.08,12.2938066
-361.58,-1764.14,-2218.52,12.3138824
-363.38,-1763.78,-2220.42,12.3337358
-365.18,-1763.81,-2222.71,12.3537189
-367.06,-1763.88,-2225.15,12.3738852
-368.94,-1763.56,-2227.19,12.3937499
-370.83,-1763.63,-2229.62,12.4137986
-372.62,-1763.27,-2231.52,12.4337499
-374.51,-1762.95,-2233.56,12.4537331
-376.3,-1762.98,-2235.86,12.4738086
-378.19,-1763.05,-2238.3,12.4939301
-379.99,-1763.09,-2240.59,12.5138553
-381.87,-1762.76,-2242.63,12.5338297
-383.75,-1762.84,-2245.07,12.553837
-385.63,-1762.91,-2247.51,12.5738342
-387.35,-1762.91,-2249.66,12.5938292
-389.23,-1762.19,-2251.3,12.6139315
-391.11,-1762.26,-2253.74,12.6338947
-393.07,-1762.37,-2256.32,12.6538422
-394.95,-1762.05,-2258.36,12.6739329
-396.67,-1762.04,-2260.51,12.693959
-398.39,-1761.64,-2262.27,12.7140981
-400.02,-1761.6,-2264.29,12.7339459
-401.74,-1761.6,-2266.44,12.7540237
-403.29,-1761.12,-2267.92,12.7739685
-404.85,-1761.05,-2269.8,12.793992
-406.32,-1760.93,-2271.53,12.8141324
-407.71,-1760.78,-2273.12,12.834087
-409.1,-1760.62,-2274.72,12.8542014
-410.49,-1760.47,-2276.31,12.8740112
-411.72,-1760.64,-2278.02,12.8941014
-412.7,-1760.3,-2278.92,12.9143679
-413.69,-1760.35,-2280.2,12.934137
-414.59,-1760.37,-2281.35,12.9541229
-415.41,-1760.35,-2282.36,12.9740805
-415.98,-1760.21,-2282.95,12.9942469
-416.47,-1760.04,-2283.4,13.0142024
-416.96,-1759.87,-2283.84,13.0341924
-417.46,-1759.7,-2284.29,13.0541647
-417.79,-1759.85,-2284.85,13.0742254
-418.03,-1759.96,-2285.28,13.0942493
-418.2,-1760.04,-2285.56,13.1143495
-418.28,-1760.07,-2285.7,13.1342356
-418.28,-1760.07,-2285.7,13.1543114
-418.12,-1759.99,-2285.42,13.1743147
-417.96,-1759.92,-2285.14,13.1942924
-417.8,-1759.84,-2284.86,13.214456
-417.56,-1760.12,-2284.84,13.2343415
-417.23,-1759.97,-2284.28,13.2543099
-416.83,-1759.78,-2283.58,13.2743342
-416.34,-1759.95,-2283.14,13.2943814
-415.93,-1760.16,-2282.83,13.3145042
-415.44,-1760.73,-2282.79,13.3344491
-414.63,-1760.75,-2281.78,13.3543027
-413.89,-1760.8,-2280.92,13.3745067
-413.08,-1760.82,-2279.91,13.394394
-412.35,-1760.48,-2278.65,13.4144595
-411.53,-1760.9,-2278.04,13.4344688
-410.55,-1760.84,-2276.76,13.4544438
-409.57,-1761.18,-2275.87,13.4744686
-408.6,-1761.12,-2274.58,13.4944936
-407.54,-1761.03,-2273.15,13.5146566
-406.48,-1761.33,-2272.12,13.5345719
-405.33,-1761.6,-2270.95,13.5545583
-404.19,-1761.86,-2269.78,13.5745028
-403.13,-1762.16,-2268.76,13.5945477
-401.99,-1762.43,-2267.59,13.6147021
-400.69,-1762.22,-2265.74,13.634595
-399.46,-1762.05,-2264.03,13.6546239
-398.24,-1761.88,-2262.32,13.6745702
-397.02,-1762.51,-2261.41,13.6947017
-395.63,-1762.66,-2259.82,13.7146889
-394.24,-1762.81,-2258.23,13.7345929
-392.94,-1762.6,-2256.38,13.7546038
-391.55,-1762.75,-2254.79,13.7746168
-390.08,-1763.26,-2253.45,13.7946748
-388.53,-1763.34,-2251.58,13.8146966
-387.06,-1763.45,-2249.85,13.83478
-385.68,-1763.61,-2248.26,13.8547102
-384.21,-1763.72,-2246.53,13.8747987
-382.58,-1763.76,-2244.52,13.8948308
-380.94,-1763.8,-2242.5,13.914838
-379.39,-1763.87,-2240.63,13.9348195
-377.84,-1763.95,-2238.76,13.9448271
-376.21,-1763.99,-2236.75,13.9657649
-374.5,-1763.99,-2234.6,13.9848783
-372.7,-1763.95,-2232.3,14.0048703
-371.07,-1764.39,-2230.69,14.024861
-369.52,-1764.46,-2228.81,14.0448467
-367.72,-1764.43,-2226.52,14.0649453
-365.85,-1764.75,-2224.49,14.0848339
-364.13,-1764.75,-2222.33,14.1048645
-362.42,-1764.75,-2220.18,14.1249972
-360.54,-1764.67,-2217.75,14.145035
-358.67,-1765,-2215.71,14.1649594
-356.79,-1764.92,-2213.28,14.1849244
-354.99,-1764.89,-2210.98,14.2049684
-353.28,-1765.28,-2209.23,14.22521
-351.4,-1765.21,-2206.79,14.2450103
-349.53,-1765.13,-2204.36,14.265432
-347.73,-1765.49,-2202.47,14.2849795
-345.85,-1765.42,-2200.03,14.305099
-343.9,-1765.7,-2197.86,14.32511
-341.94,-1765.59,-2195.28,14.3451075
-339.98,-1765.48,-2192.71,14.3652222
-338.1,-1765.4,-2190.27,14.385059
-336.22,-1765.33,-2187.84,14.405798
-334.27,-1765.22,-2185.27,14.425136
-332.23,-1765.46,-2182.95,14.4451331
-330.35,-1765.39,-2180.52,14.4651923
-328.47,-1765.71,-2178.48,14.4852493
-326.35,-1765.52,-2175.62,14.5052058
-324.23,-1765.73,-2173.17,14.5251721
-322.19,-1765.58,-2170.45,14.5452658
-320.23,-1765.47,-2167.88,14.5652867
-318.27,-1765.36,-2165.31,14.5852317
-316.07,-1765.53,-2162.71,14.6053115
-313.94,-1765.74,-2160.25,14.6253658
-311.74,-1765.51,-2157.25,14.6453568
-309.62,-1765.72,-2154.8,14.6653752
-307.41,-1765.49,-2151.8,14.6852916
-305.21,-1765.27,-2148.81,14.7053811
-303.01,-1765.44,-2146.21,14.7254013
-300.88,-1765.25,-2143.35,14.7452655
-298.76,-1765.06,-2140.5,14.7653966
-296.48,-1764.8,-2137.36,14.7853078
-294.27,-1765.37,-2135.16,14.8053415
-291.99,-1765.5,-2132.42,14.8253594
-289.78,-1765.28,-2129.43,14.8453914
-287.5,-1765.01,-2126.29,14.8653711
-285.13,-1765.11,-2123.42,14.8854802
-282.93,-1764.88,-2120.42,14.9054682
-280.72,-1764.66,-2117.43,14.9255297
-278.52,-1764.83,-2114.83,14.945524
-276.15,-1764.53,-2111.55,14.9654819
-273.7,-1764.59,-2108.53,14.9856017
-271.42,-1764.72,-2105.79,15.0055976
-269.13,-1764.85,-2103.06,15.0254984
-266.68,-1764.51,-2099.64,15.04556
-264.15,-1764.53,-2096.48,15.0656591
-261.79,-1764.23,-2093.2,15.0855697
-259.5,-1763.97,-2090.07,15.1055524
-256.97,-1763.99,-2086.91,15.1256285
-254.44,-1763.61,-2083.35,15.1457242
-251.91,-1763.63,-2080.19,15.165672
-249.54,-1763.33,-2076.92,15.185565
-247.17,-1763.43,-2074.04,15.205678
-244.56,-1763.41,-2070.74,15.2256274
-241.95,-1763.39,-2067.44,15.2458917
-239.42,-1763.02,-2063.88,15.2657604
-236.89,-1762.64,-2060.32,15.2857433
-234.2,-1762.98,-2057.28,15.305723
-231.42,-1762.89,-2053.7,15.3257921
-228.73,-1762.44,-2049.86,15.345734
-226.19,-1762.06,-2046.31,15.3658243
-223.66,-1761.68,-2042.75,15.3857267
-220.97,-1761.63,-2039.31,15.405801
-218.28,-1761.18,-2035.47,15.4257861
-215.66,-1761.16,-2032.17,15.4458155
-213.05,-1761.14,-2028.87,15.4658634
-210.28,-1761.05,-2025.29,15.4858757
-207.5,-1760.96,-2021.71,15.5059108
-204.81,-1760.5,-2017.87,15.5258364
-202.11,-1760.05,-2014.03,15.5458411
-199.5,-1760.03,-2010.73,15.5658925
-196.64,-1759.51,-2006.62,15.5858347
-193.87,-1759.41,-2003.04,15.6060066
-191.26,-1759,-1999.34,15.6259401
-188.64,-1758.58,-1995.64,15.6460216
-185.87,-1758.09,-1991.66,15.6660441
-182.93,-1757.93,-1987.8,15.6860102
-180.07,-1757.4,-1983.68,15.7059582
-177.38,-1757.34,-1980.24,15.7259792
-174.68,-1756.89,-1976.41,15.7460537
-171.83,-1756.36,-1972.29,15.7660805
-168.97,-1756.23,-1968.57,15.7859844
-166.11,-1755.71,-1964.45,15.8060868
-163.34,-1755.22,-1960.47,15.826081
-160.64,-1754.37,-1956.23,15.8460646
-157.87,-1753.88,-1952.26,15.8661009
-155.17,-1753.42,-1948.42,15.8861312
-152.64,-1753.05,-1944.86,15.9062021
-150.19,-1752.31,-1941.05,15.9261111
-147.74,-1751.58,-1937.24,15.9460503
-145.38,-1751.27,-1933.96,15.9661822
-143.01,-1750.97,-1930.68,15.9861526
-140.81,-1750.35,-1927.29,16.0061833
-138.6,-1749.73,-1923.9,16.0261989
-136.48,-1749.14,-1920.65,16.046199
-134.44,-1748.59,-1917.54,16.0663068
-132.32,-1748.01,-1914.28,16.0862208
-130.36,-1747.5,-1911.31,16.1063203
-128.24,-1746.52,-1907.66,16.1262968
-126.2,-1745.97,-1904.55,16.14635
-124.16,-1745.42,-1901.44,16.1663678
-122.2,-1744.52,-1898.07,16.1863419
-120.08,-1743.53,-1894.42,16.2063197
-118.12,-1743.42,-1891.85,16.2263893
-116.08,-1742.48,-1888.34,16.2464998
-114.2,-1741.61,-1885.11,16.266432
-112.16,-1740.66,-1881.61,16.287179
-110.12,-1739.72,-1878.1,16.3064346
-108.16,-1739.21,-1875.13,16.3263637
-106.2,-1738.3,-1871.76,16.3464591
-104.32,-1737.04,-1868.13,16.3664515
-102.28,-1735.69,-1864.23,16.3864555
-100.32,-1734.79,-1860.86,16.4065081
-98.45,-1733.52,-1857.23,16.4265022
-96.49,-1732.61,-1853.87,16.4465307
-94.53,-1730.91,-1849.7,16.4665878
-92.57,-1729.61,-1845.94,16.4864981
-90.61,-1728.31,-1842.17,16.5065995
-88.74,-1727.04,-1838.55,16.5266921
-86.86,-1725.77,-1834.92,16.5466151
-85.06,-1724.15,-1831.04,16.5666805
-83.11,-1722.05,-1826.48,16.5866355
-81.31,-1720.42,-1822.6,16.6065984
-79.43,-1718.76,-1818.58,16.6266934
-77.56,-1716.3,-1813.76,16.64674
-75.76,-1714.28,-1809.48,16.6666814
-73.88,-1711.82,-1804.67,16.6867159
-72.09,-1709.8,-1800.39,16.7066331
-70.29,-1706.98,-1795.32,16.726727
-68.42,-1704.52,-1790.5,16.7466968
-66.62,-1701.31,-1785.03,16.7668665
-64.83,-1698.49,-1779.96,16.7866999
-63.03,-1695.28,-1774.49,16.8068131
-61.23,-1691.27,-1768.22,16.8267811
-59.44,-1687.66,-1762.35,16.8467495
-57.73,-1683.69,-1756.23,16.8668588
-55.93,-1679.28,-1749.57,16.8868348
-54.22,-1674.12,-1742.25,16.9068617
-52.42,-1668.53,-1734.4,16.9267744
-50.71,-1662.97,-1726.69,16.9468796
-49.08,-1657.44,-1719.12,16.9668678
-47.44,-1651.13,-1710.75,16.9868377
-45.81,-1644.42,-1701.99,17.0068382
-44.18,-1636.91,-1692.43,17.0268136
-42.55,-1629,-1682.47,17.046977
-41.08,-1620.38,-1672.01,17.0669984
-39.53,-1610.93,-1660.6,17.0869398
-37.98,-1600.68,-1648.4,17.1069482
-36.43,-1589.63,-1635.41,17.1269923
-34.96,-1578.63,-1622.56,17.146959
-33.57,-1566.47,-1608.66,17.1671074
-32.19,-1553.52,-1593.96,17.1872686
-30.8,-1538.97,-1577.68,17.2070674
-29.41,-1524.03,-1561,17.2271245
-28.11,-1508.34,-1543.66,17.247033
-26.8,-1491.45,-1525.13,17.2672095
-25.42,-1472.94,-1504.88,17.2870573
-24.11,-1453.27,-1483.57,17.3071204
-22.89,-1432.45,-1461.21,17.3270886
-21.67,-1411.23,-1438.46,17.3471006
-20.52,-1387.67,-1413.46,17.367164
-19.38,-1363.31,-1387.67,17.3872133
-18.16,-1338.52,-1361.34,17.4103039
-17.18,-1313.05,-1334.63,17.4272732
-16.12,-1286.34,-1306.6,17.4472182
-15.14,-1257.69,-1276.72,17.4673135
-14.08,-1228.61,-1246.3,17.4873124
-13.1,-1198.77,-1215.23,17.5072049
-12.21,-1167.77,-1183.11,17.5272241
-11.31,-1135.19,-1149.4,17.5473583
-10.49,-1101.05,-1114.24,17.5674349
-9.6,-1066.48,-1078.55,17.5873533
-8.78,-1031.95,-1042.99,17.6072846
-7.97,-995.83,-1005.85,17.6273245
-7.24,-956.97,-966.06,17.647321
-6.42,-917.67,-925.74,17.6674345
-5.77,-878.45,-885.7,17.6873677
-5.04,-837.6,-843.93,17.7074146
-4.38,-794.81,-800.32,17.7274523
-3.73,-750.42,-755.11,17.7475268
-3.08,-705.64,-709.51,17.7675888
-2.43,-660.86,-663.91,17.7874736
-1.94,-614.56,-617,17.8075469
-1.37,-565.45,-567.17,17.8274591
-0.72,-515.9,-516.81,17.8474335
-0.23,-466.43,-466.72,17.867596
0.26,-415.77,-415.45,17.8874881
0.74,-363.12,-362.18,17.9075336
1.23,-309.68,-308.13,17.9276766
1.64,-255.88,-253.82,17.947528
2.05,-201.68,-199.1,17.9676413
2.45,-145.89,-142.81,17.9876592
2.86,-88.11,-84.52,18.007695
3.27,-29.55,-25.44,18.0275859
3.67,28.63,33.24,18.0477195
4.08,88.38,93.51,18.0676937
4.48,150.13,155.76,18.087701
4.81,211.84,217.88,18.1077249
5.22,273.58,280.14,18.1276981
5.62,334.93,341.99,18.1476863
6.11,397.51,405.19,18.1677563
6.6,460.48,468.77,18.1877837
7.09,522.66,531.57,18.2077783
7.66,583.69,593.31,18.2277101
8.14,644.68,654.91,18.2478309
8.8,706.53,717.59,18.2678802
9.45,767.6,779.47,18.2877974
10.18,827.51,840.3,18.3078225
10.91,886.62,900.34,18.3278339
11.73,945.78,960.52,18.3478252
12.63,1003.78,1019.64,18.3678769
13.52,1060.19,1077.18,18.3878404
14.58,1113.5,1131.83,18.4078894
15.72,1165.66,1185.42,18.4278427
16.87,1216.62,1237.82,18.4478661
18.17,1265.28,1288.11,18.4680172
19.48,1311.16,1335.63,18.4879046
21.03,1354.37,1380.79,18.5079569
22.74,1396.86,1425.44,18.5279516
24.62,1435.85,1466.79,18.5479487
26.41,1471.63,1504.82,18.5679816
28.45,1504.35,1540.1,18.5879279
30.49,1533.89,1572.21,18.6081088
32.78,1560.76,1601.95,18.6280502
35.15,1584.89,1629.05,18.64796
37.59,1606.27,1653.52,18.6681383
40.21,1624.16,1674.69,18.6880327
42.9,1640.9,1694.81,18.7081196
45.59,1655.25,1712.54,18.7280929
48.37,1667.65,1728.44,18.7480783
51.15,1678.07,1742.34,18.7682237
54,1687.34,1755.2,18.788381
56.86,1695.41,1766.86,18.8081038
59.72,1702.29,1777.33,18.8281256
62.66,1708.42,1787.15,18.848146
65.6,1714.14,1796.57,18.8682208
68.45,1719.04,1805.06,18.8882812
71.31,1723.54,1813.15,18.9082609
74.25,1726.88,1820.19,18.9281598
77.03,1730.15,1826.95,18.9482295
79.8,1733.42,1833.7,18.968367
82.66,1736.33,1840.21,18.9883715
85.43,1738.81,1846.17,19.0084202
88.13,1741.25,1851.99,19.0284362
90.9,1743.33,1857.56,19.0483641
93.76,1745.05,1862.87,19.0683506
96.54,1747.12,1868.44,19.0883092
99.23,1748.77,1873.46,19.1083058
101.92,1750.41,1878.49,19.1285596
104.62,1751.66,1883.13,19.1483509
107.23,1752.87,1887.62,19.1685003
110.01,1754.15,1892.39,19.1884867
112.62,1755.36,1896.88,19.2084299
115.23,1756.57,1901.37,19.228525
117.92,1757.81,1906,19.2485009
120.54,1758.63,1910.1,19.2684711
123.07,1759.4,1914.05,19.2884599
125.6,1760.57,1918.4,19.3085293
128.13,1761.35,1922.36,19.3285066
130.66,1762.12,1926.31,19.3484827
133.19,1762.5,1929.87,19.3686218
135.64,1763.63,1934.08,19.3885322
138.01,1764.33,1937.75,19.4085546
140.45,1764.67,1941.17,19.4285955
142.9,1765.4,1944.98,19.4486509
145.27,1766.1,1948.65,19.4685838
147.72,1766.44,1952.07,19.488616
150.09,1766.74,1955.35,19.5087729
152.54,1767.48,1959.16,19.5287267
154.9,1768.18,1962.83,19.548672
157.19,1768.44,1965.97,19.568704
159.47,1768.7,1969.1,19.588641
161.84,1769.4,1972.78,19.6087254
164.21,1769.7,1976.05,19.6286299
166.57,1770,1979.33,19.6488236
168.78,1770.23,1982.32,19.6688796
171.15,1770.93,1986,19.6887925
173.43,1771.19,1989.13,19.708838
175.8,1771.49,1992.41,19.7287573
178.08,1771.76,1995.54,19.7487618
180.29,1772.38,1998.94,19.7688954
182.65,1772.68,2002.21,19.7889004
184.94,1772.55,2004.95,19.8088606
187.23,1772.81,2008.09,19.8288351
189.43,1773.04,2011.08,19.8488815
191.63,1773.26,2014.08,19.8688572
193.84,1773.88,2017.47,19.8889987
196.04,1773.71,2020.07,19.9088965
198.33,1773.98,2023.2,19.9289356
200.61,1774.64,2026.73,19.9488919
202.82,1774.86,2029.73,19.9689733
205.1,1774.73,2032.47,19.9889015
207.22,1774.92,2035.32,20.0089487
209.35,1775.11,2038.18,20.0290931
211.47,1775.29,2041.03,20.0489965
213.75,1775.56,2044.17,20.0690476
215.87,1775.75,2047.02,20.0890174
218,1775.93,2049.88,20.1090348
220.12,1776.12,2052.73,20.1290434
222.32,1776.35,2055.73,20.1490084
224.61,1776.61,2058.86,20.169189
226.73,1776.8,2061.72,20.1890693
228.77,1776.95,2064.43,20.2090303
230.81,1776.7,2066.75,20.2293118
232.93,1776.89,2069.6,20.2491603
235.06,1777.47,2072.85,20.2692058
237.01,1777.19,2075.03,20.2891941
239.05,1777.34,2077.75,20.3092003
241.18,1777.53,2080.6,20.3292665
243.3,1777.72,2083.45,20.3491957
245.34,1777.87,2086.17,20.3692203
247.38,1778.02,2088.88,20.3891642
249.42,1778.56,2091.99,20.4092533
251.46,1778.71,2094.71,20.4291976
253.5,1778.47,2097.03,20.4492618
255.54,1778.62,2099.74,20.4694163
257.5,1779.13,2102.71,20.4892753
259.62,1778.92,2105.17,20.5092669
261.66,1778.67,2107.49,20.5293367
263.62,1778.78,2110.06,20.5493242
265.58,1778.9,2112.63,20.5694801
267.62,1779.05,2115.35,20.5892847
269.66,1779.2,2118.06,20.6094341
271.7,1778.95,2120.38,20.6293546
273.74,1779.1,2123.09,20.6494122
275.7,1779.61,2126.06,20.6695648
277.66,1779.33,2128.24,20.6894427
279.78,1779.51,2131.1,20.7093961
281.74,1779.63,2133.67,20.7294457
283.78,1779.78,2136.38,20.749505
285.74,1779.89,2138.96,20.769454
287.78,1779.64,2141.28,20.7894677
289.74,1779.76,2143.85,20.8095108
291.53,1779.79,2146.14,20.8296251
293.49,1779.9,2148.72,20.8495086
295.45,1780.02,2151.29,20.8695936
297.49,1779.77,2153.61,20.8895254
299.37,1779.85,2156.04,20.9095774
301.24,1779.92,2158.47,20.9297134
303.12,1779.99,2160.91,20.9496004
305.08,1779.71,2163.08,20.9696016
307.04,1780.22,2166.06,20.9895986
308.92,1780.29,2168.49,21.0095906
310.79,1779.97,2170.53,21.0296957
312.83,1780.12,2173.24,21.0496273
314.87,1780.27,2175.95,21.0696897
316.91,1780.03,2178.27,21.089613
318.87,1779.74,2180.45,21.1097277
320.91,1780.29,2183.56,21.1298496
322.87,1780.4,2186.13,21.1497206
324.83,1780.12,2188.31,21.1697477
326.79,1780.23,2190.88,21.1897605
328.67,1780.3,2193.32,21.209891
330.71,1780.06,2195.63,21.2297987
332.66,1780.17,2198.21,21.2498258
334.62,1780.28,2200.78,21.2699418
336.42,1780.32,2203.08,21.2909688
338.38,1780.03,2205.25,21.3098718
340.34,1779.75,2207.43,21.3298634
342.21,1780.22,2210.26,21.3498042
344.17,1779.94,2212.44,21.3699772
346.05,1780.01,2214.87,21.3898509
348.01,1779.73,2217.05,21.4098035
349.88,1779.8,2219.48,21.4299213
351.76,1779.88,2221.91,21.4499676
353.64,1779.95,2224.35,21.470084
355.6,1780.06,2226.92,21.4899548
357.64,1779.82,2229.24,21.5099176
359.51,1779.5,2231.27,21.530011
361.31,1779.53,2233.57,21.5500577
363.19,1779.61,2236,21.5700593
365.15,1779.32,2238.18,21.5900107
367.02,1779.4,2240.61,21.6100137
368.9,1779.47,2243.04,21.6332773
370.69,1779.11,2244.94,21.6500913
372.65,1778.83,2247.12,21.670106
374.53,1778.9,2249.55,21.6901176
376.33,1778.94,2251.84,21.7102031
378.2,1779.01,2254.28,21.7302001
380.08,1779.09,2256.71,21.7502225
381.96,1778.77,2258.75,21.7702954
383.83,1778.44,2260.78,21.7902109
385.71,1778.52,2263.22,21.8102103
387.42,1778.52,2265.37,21.8302113
389.3,1778.2,2267.41,21.850209
391.26,1778.31,2269.98,21.8702141
393.14,1777.99,2272.02,21.8902273
394.93,1777.63,2273.91,21.9102098
396.73,1777.66,2276.21,21.9301609
398.6,1777.34,2278.24,21.9503167
400.4,1776.98,2280.14,21.9703097
402.28,1777.06,2282.57,21.9902763
404.15,1776.73,2284.61,22.0103943
406.03,1776.81,2287.04,22.0304301
407.91,1776.49,2289.08,22.0504346
409.78,1776.16,2291.11,22.0704149
411.58,1775.8,2293.01,22.0903689
413.29,1775.8,2295.16,22.1103365
415.01,1775.8,2297.31,22.1304503
416.72,1775.4,2299.07,22.1504672
418.27,1774.93,2300.54,22.1705075
419.9,1775.29,2302.95,22.1904218
